%time,field.header.seq,field.header.stamp,field.header.frame_id,field.latitude,field.Longtitude,field.Altitude,field.utm_easting,field.utm_northing,field.Zone,field.letter,field.FixQuality
1582663075676845033,1,1582663075676243066,,42.3374152883,-71.08724738,-0.607,328051.739491,4689350.02938,19,T,5
1582663075881859723,2,1582663075880031108,,42.3374152283,-71.0872493983,-0.415,328051.57305,4689350.0268,19,T,5
1582663076077538484,3,1582663076077022075,,42.33741601,-71.08725018,-0.468,328051.510784,4689350.11518,19,T,5
1582663076274819776,4,1582663076274306058,,42.3374157533,-71.0872514383,-0.385,328051.406418,4689350.08922,19,T,5
1582663076479617667,5,1582663076478981971,,42.337415715,-71.0872531717,-0.236,328051.263515,4689350.08847,19,T,5
1582663076689531462,6,1582663076688937902,,42.33741626,-71.0872547467,-0.146,328051.135245,4689350.15218,19,T,5
1582663076875187307,7,1582663076874540090,,42.3374170417,-71.08725748,-0.018,328050.912194,4689350.2445,19,T,5
1582663077082054519,8,1582663077081283092,,42.3374175267,-71.0872586033,0.047,328050.820971,4689350.30063,19,T,5
1582663077278332595,9,1582663077277582883,,42.3374181867,-71.0872598967,0.008,328050.71622,4689350.37653,19,T,1
1582663077480518075,10,1582663077479842901,,42.3374186233,-71.0872624167,0.178,328050.509803,4689350.43012,19,T,1
1582663077681065638,11,1582663077679704904,,42.3374196367,-71.087264575,0.228,328050.334753,4689350.547,19,T,1
1582663077878357783,12,1582663077877865076,,42.33741844,-71.0872659583,0.609,328050.217527,4689350.41692,19,T,5
1582663078090721581,13,1582663078089970111,,42.33741973,-71.0872679667,0.661,328050.055589,4689350.56423,19,T,5
1582663078280770440,14,1582663078280339002,,42.33742038,-71.0872667517,0.557,328050.157457,4689350.63395,19,T,5
1582663078698295979,15,1582663078697808027,,42.337423185,-71.0872677733,0.425,328050.080934,4689350.94749,19,T,5
1582663078883901679,16,1582663078883248090,,42.3374238133,-71.0872687733,0.483,328050.000263,4689351.01928,19,T,5
1582663079093422122,17,1582663079092603921,,42.33742491,-71.0872676983,0.319,328050.091814,4689351.13888,19,T,5
1582663079293840529,18,1582663079293175935,,42.3374253033,-71.0872685317,0.358,328050.024233,4689351.18425,19,T,5
1582663079482770010,19,1582663079482306003,,42.3374259867,-71.0872693967,0.429,328049.954834,4689351.26187,19,T,5
1582663079691390908,20,1582663079690114974,,42.337423415,-71.0872734033,1.374,328049.61774,4689350.98441,19,T,5
1582663079890482853,21,1582663079889991998,,42.3374240383,-71.087273525,1.287,328049.609416,4689351.05387,19,T,5
1582663080085652295,22,1582663080085040092,,42.3374240767,-71.0872751483,1.281,328049.475784,4689351.06141,19,T,1
1582663080273941168,23,1582663080273473024,,42.337424555,-71.0872763,1.408,328049.382209,4689351.11686,19,T,1
1582663080483066870,24,1582663080482290029,,42.33742578,-71.0872772933,1.268,328049.303713,4689351.25489,19,T,5
1582663080682220619,25,1582663080681629896,,42.3374264333,-71.0872775717,1.077,328049.282564,4689351.328,19,T,5
1582663081072612651,26,1582663081072037935,,42.3374291733,-71.0872768867,0.493,328049.346465,4689351.63088,19,T,5
1582663081276563643,27,1582663081276173114,,42.3374301617,-71.0872775383,0.459,328049.295472,4689351.74194,19,T,5
1582663081472752690,28,1582663081472054958,,42.3374318633,-71.0872781683,0.166,328049.248208,4689351.93217,19,T,1
1582663081680528083,29,1582663081679743051,,42.3374290983,-71.087283035,0.984,328048.839737,4689351.63498,19,T,5
1582663081879543598,30,1582663081879144906,,42.3374289033,-71.0872847533,0.986,328048.697643,4689351.6168,19,T,5
1582663082076912128,31,1582663082076432943,,42.3374293733,-71.087286205,0.958,328048.57933,4689351.67193,19,T,5
1582663082273023953,32,1582663082271692991,,42.3374304417,-71.0872866367,0.849,328048.54668,4689351.79143,19,T,5
1582663082474554682,33,1582663082474126100,,42.3374316217,-71.08728687,0.622,328048.530673,4689351.92293,19,T,5
1582663082876826995,34,1582663082876301050,,42.3374347617,-71.087288845,0.091,328048.376524,4689352.2756,19,T,1
1582663083073993907,35,1582663083073436975,,42.337425855,-71.08729959,2.226,328047.467033,4689351.30831,19,T,5
1582663083278288504,36,1582663083277786970,,42.3374304483,-71.0872978483,1.624,328047.623038,4689351.81484,19,T,5
1582663083471907357,37,1582663083471309900,,42.3374310217,-71.08729895,1.527,328047.533841,4689351.88074,19,T,5
1582663083676919140,38,1582663083676373004,,42.3374326033,-71.0872990417,1.288,328047.530601,4689352.05655,19,T,5
1582663083873487216,39,1582663083871964931,,42.33743403,-71.0872992083,0.983,328047.520759,4689352.21531,19,T,5
1582663084148695766,40,1582663084148195028,,42.3374330567,-71.087302625,1.294,328047.236628,4689352.11414,19,T,5
1582663084274321664,41,1582663084273834943,,42.3374275017,-71.0873137383,3.265,328046.305927,4689351.51977,19,T,5
1582663084469755722,42,1582663084468838930,,42.33743788,-71.0873027867,0.217,328047.236456,4689352.65006,19,T,5
1582663084810934645,43,1582663084810333967,,42.33743837,-71.0873043667,0.202,328047.107625,4689352.70767,19,T,5
1582663084873190355,44,1582663084872684955,,42.3374372317,-71.0873076833,0.687,328046.831283,4689352.58797,19,T,5
1582663085075406465,45,1582663085074817895,,42.3374366933,-71.08731037,1.099,328046.608478,4689352.53362,19,T,1
1582663085270718723,46,1582663085270136117,,42.3374353967,-71.087313705,1.637,328046.330193,4689352.39638,19,T,1
1582663085476904576,47,1582663085476341009,,42.3374341033,-71.08731782,2.365,328045.987659,4689352.26109,19,T,1
1582663085677651891,48,1582663085677210092,,42.3374371683,-71.08731353,1.712,328046.349439,4689352.59276,19,T,5
1582663085872873643,49,1582663085872325897,,42.3374383583,-71.08731074,1.202,328046.582534,4689352.71926,19,T,5
1582663086079041867,50,1582663086078068971,,42.3374513583,-71.087293495,-2.145,328048.038677,4689354.12794,19,T,5
1582663086282256368,51,1582663086281728029,,42.3374565867,-71.0872864267,-3.26,328048.635244,4689354.69421,19,T,1
1582663086482339917,52,1582663086480536937,,42.337445825,-71.0873028283,-0.149,328047.254679,4689353.53238,19,T,5
1582663086678882765,53,1582663086678344964,,42.3374651683,-71.0872738583,-4.867,328049.694061,4689355.62172,19,T,5
1582663086876232457,54,1582663086875504016,,42.3374624317,-71.08727594,-4.248,328049.515106,4689355.32204,19,T,5
1582663087082239189,55,1582663087081610918,,42.337466495,-71.08726995,-4.903,328050.01966,4689355.76113,19,T,5
1582663087280468346,56,1582663087279335021,,42.33747211,-71.0872613833,-6.165,328050.740719,4689356.36731,19,T,5
1582663087478821250,57,1582663087478216886,,42.3374729783,-71.087260675,-5.97,328050.801441,4689356.4623,19,T,1
1582663087679928556,58,1582663087678240060,,42.3374730867,-71.0872606217,-5.735,328050.80613,4689356.47422,19,T,1
1582663087875557044,59,1582663087874419927,,42.3374724367,-71.0872612567,-5.427,328050.752045,4689356.40333,19,T,1
1582663088088610996,60,1582663088087925910,,42.337472155,-71.087263025,-5.084,328050.605595,4689356.37563,19,T,1
1582663088275181936,61,1582663088274637937,,42.3374827967,-71.087250245,-7.22,328051.687465,4689357.53146,19,T,5
1582663088480975336,62,1582663088480396986,,42.3374831967,-71.0872486467,-7.121,328051.820232,4689357.57265,19,T,5
1582663088678471124,63,1582663088677872896,,42.3374842867,-71.0872479217,-7.107,328051.882931,4689357.69222,19,T,5
1582663088878825099,64,1582663088878315925,,42.337482275,-71.0872512867,-6.205,328051.600227,4689357.47564,19,T,5
1582663089075861673,65,1582663089075372934,,42.33748355,-71.0872508517,-6.081,328051.639539,4689357.61634,19,T,5
1582663089281601460,66,1582663089280884981,,42.3374812667,-71.0872554467,-5.225,328051.254762,4689357.37209,19,T,5
1582663089482911810,67,1582663089481080055,,42.3374810467,-71.08725728,-4.745,328051.103126,4689357.35136,19,T,5
1582663089679561816,68,1582663089679205894,,42.33748152,-71.0872582083,-4.473,328051.027936,4689357.4058,19,T,5
1582663089877396750,69,1582663089876754999,,42.337481935,-71.0872586667,-4.142,328050.991308,4689357.45281,19,T,5
1582663090084994891,70,1582663090084212064,,42.337481895,-71.0872595933,-3.811,328050.914857,4689357.45024,19,T,5
1582663090280849881,71,1582663090280452013,,42.3374856533,-71.0872556483,-4.229,328051.250105,4689357.8596,19,T,5
1582663090484824414,72,1582663090483458042,,42.3374850767,-71.087257975,-3.703,328051.056853,4689357.80027,19,T,5
1582663090686198776,73,1582663090684366941,,42.33748503,-71.0872592383,-3.27,328050.952648,4689357.79764,19,T,5
1582663090877893525,74,1582663090877413988,,42.3374875267,-71.0872572033,-3.493,328051.127104,4689358.07076,19,T,5
1582663091073994275,75,1582663091073302030,,42.3374817867,-71.0872653233,-1.884,328050.442503,4689357.4498,19,T,5
1582663091281611537,76,1582663091281187057,,42.3374816667,-71.0872672917,-1.424,328050.280017,4689357.44046,19,T,5
1582663091478526867,77,1582663091478055953,,42.3374825767,-71.087266115,-1.49,328050.379435,4689357.53913,19,T,1
1582663091678055744,78,1582663091677541971,,42.3374838817,-71.0872650017,-1.557,328050.474713,4689357.68178,19,T,5
1582663091875352239,79,1582663091874756097,,42.3374840067,-71.0872657417,-1.306,328050.41409,4689357.69716,19,T,5
1582663092081206777,80,1582663092080254077,,42.3374838,-71.0872669333,-0.893,328050.315352,4689357.67662,19,T,5
1582663092275564678,81,1582663092275002956,,42.3374830867,-71.0872680233,-0.508,328050.22361,4689357.59962,19,T,5
1582663092483510848,82,1582663092482006072,,42.3374780767,-71.08727565,0.879,328049.581641,4689357.05872,19,T,5
1582663092678944409,83,1582663092678119897,,42.337473155,-71.087282675,2.269,328048.98948,4689356.52641,19,T,5
1582663092873371766,84,1582663092872850894,,42.3374665817,-71.08729152,3.926,328048.242879,4689355.81438,19,T,5
1582663093070421727,85,1582663093069930076,,42.3374567867,-71.0873042167,5.986,328047.170181,4689354.75239,19,T,5
1582663093276404775,86,1582663093275836944,,42.337463725,-71.0872969217,4.982,328047.790083,4689355.50809,19,T,5
1582663093473574345,87,1582663093472254991,,42.3374672267,-71.0872931017,4.401,328048.114333,4689355.8892,19,T,5
1582663093679795779,88,1582663093678560018,,42.3374678633,-71.08729244,4.324,328048.170579,4689355.95856,19,T,5
1582663093871366895,89,1582663093870009899,,42.3374704233,-71.0872874083,4.167,328048.592085,4689356.23265,19,T,5
1582663094077591379,90,1582663094076117038,,42.3374719917,-71.0872834183,3.614,328048.925071,4689356.39873,19,T,5
1582663094271968703,91,1582663094270596027,,42.3374854817,-71.0872635867,0.375,328050.595647,4689357.85659,19,T,1
1582663094474907941,92,1582663094474019050,,42.3374919883,-71.0872544333,-1.161,328051.367468,4689358.5606,19,T,1
1582663094673839477,93,1582663094672513008,,42.3375029217,-71.0872426883,-4.054,328052.364865,4689359.75091,19,T,1
1582663094912415455,94,1582663094910797119,,42.337514915,-71.08722742,-7.059,328053.655416,4689361.0518,19,T,5
1582663095074966723,95,1582663095073420047,,42.3375245017,-71.087216265,-9.723,328054.600536,4689362.09377,19,T,5
1582663095278323161,96,1582663095277415990,,42.3375066167,-71.08723328,-5.199,328053.15003,4689360.14219,19,T,5
1582663095474970342,97,1582663095473898887,,42.3375010933,-71.08723768,-3.92,328052.772487,4689359.53776,19,T,5
1582663095680435483,98,1582663095679215908,,42.33749961,-71.087235735,-3.774,328052.92868,4689359.36911,19,T,1
1582663095905228878,99,1582663095903712987,,42.337496565,-71.0872365833,-3.133,328052.850492,4689359.0327,19,T,5
1582663096079597386,100,1582663096077764987,,42.3374933167,-71.0872377867,-2.218,328052.742503,4689358.67444,19,T,1
1582663096281094504,101,1582663096280119895,,42.33749126,-71.08724102,-1.578,328052.470523,4689358.4526,19,T,1
1582663096478816559,102,1582663096477281093,,42.3374818033,-71.0872525883,0.996,328051.491705,4689357.4259,19,T,5
1582663097278489771,103,1582663097276858091,,42.337493545,-71.087218895,-3.664,328054.299491,4689358.66159,19,T,5
1582663097471457856,104,1582663097469933986,,42.3374885167,-71.08722351,-2.334,328053.905585,4689358.11256,19,T,5
1582663097664830554,105,1582663097663228034,,42.3374935983,-71.0872126183,-4.11,328054.816732,4689358.65482,19,T,5
1582663097871071294,106,1582663097869565963,,42.337493475,-71.087210365,-4.177,328055.002034,4689358.63657,19,T,5
1582663098071911065,107,1582663098070946931,,42.3374946867,-71.0872059183,-4.669,328055.371669,4689358.76212,19,T,5
1582663098265711015,108,1582663098264238119,,42.3374906183,-71.0872107333,-3.448,328054.963903,4689358.3201,19,T,5
1582663098468129430,109,1582663098466751098,,42.3374898683,-71.0872099867,-3.22,328055.023372,4689358.23531,19,T,5
1582663098714706011,110,1582663098712913036,,42.3374863817,-71.0872065117,-2.526,328055.300152,4689357.84111,19,T,5
1582663100271704575,111,1582663100270725011,,42.3374715617,-71.0872115067,0.207,328054.848252,4689356.20557,19,T,1
1582663100476074438,112,1582663100474509000,,42.3374898433,-71.08717876,-5.785,328057.595873,4689358.16939,19,T,5
1582663100667996607,113,1582663100667129039,,42.3375046267,-71.087152415,-10.435,328059.806565,4689359.75769,19,T,5
1582663100864687120,114,1582663100863445997,,42.3375172317,-71.087129735,-14.425,328061.709383,4689361.11152,19,T,5
1582663101068440866,115,1582663101066943883,,42.3375237617,-71.0871166383,-16.553,328062.806132,4689361.81014,19,T,5
1582663101270803391,116,1582663101269306898,,42.3375318383,-71.08710086,-19.23,328064.128022,4689362.67509,19,T,5
1582663101467071350,117,1582663101466164112,,42.3375380667,-71.0870894283,-21.178,328065.08678,4689363.34358,19,T,5
1582663101668716867,118,1582663101667714118,,42.3375381617,-71.087087425,-21.394,328065.25208,4689363.35008,19,T,5
1582663101903436383,119,1582663101902117013,,42.3375318517,-71.087094135,-19.482,328064.682088,4689362.66297,19,T,5
1582663102066560343,120,1582663102065114021,,42.33753028,-71.0870932567,-19.153,328064.750165,4689362.48668,19,T,5
1582663102266766744,121,1582663102265410900,,42.337530585,-71.087090145,-19.5,328065.007347,4689362.51425,19,T,5
1582663102467981882,122,1582663102466662883,,42.3375265333,-71.0870929783,-18.689,328064.762884,4689362.07007,19,T,1
1582663102675380550,123,1582663102673836946,,42.3375272733,-71.0870901117,-18.844,328065.001067,4689362.14645,19,T,5
1582663102867683224,124,1582663102866333007,,42.33752707,-71.087086935,-19.188,328065.262219,4689362.11745,19,T,5
1582663103069809494,125,1582663103068937063,,42.3375272133,-71.0870841583,-19.382,328065.491361,4689362.12775,19,T,5
1582663103326794860,126,1582663103325769901,,42.3375261033,-71.08708226,-19.334,328065.644728,4689362.00065,19,T,5
1582663103923970333,127,1582663103922660112,,42.337512505,-71.0870952167,-15.768,328064.540248,4689360.51686,19,T,5
1582663104137729697,128,1582663104136389017,,42.3375073967,-71.0870998883,-14.417,328064.141457,4689359.95907,19,T,5
1582663104278101613,129,1582663104276799917,,42.33750248,-71.0871031717,-13.243,328063.857563,4689359.41975,19,T,1
1582663104670563376,130,1582663104669272899,,42.3374941117,-71.0871109367,-11.109,328063.195046,4689358.50621,19,T,5
1582663104875951571,131,1582663104874618053,,42.337500005,-71.0870988183,-13.059,328064.209462,4689359.13611,19,T,5
1582663105070476254,132,1582663105069248914,,42.3374984483,-71.0870984817,-12.828,328064.232955,4689358.96258,19,T,5
1582663105269356018,133,1582663105268110990,,42.337499995,-71.0870914767,-13.478,328064.814268,4689359.12016,19,T,5
1582663105470803327,134,1582663105469440937,,42.3375030783,-71.08708411,-14.534,328065.429565,4689359.44764,19,T,5
1582663105678416740,135,1582663105677056074,,42.3375028567,-71.0870817417,-14.716,328065.624073,4689359.41824,19,T,5
1582663105924356190,136,1582663105923899888,,42.33750057,-71.087082765,-14.232,328065.533535,4689359.16639,19,T,5
1582663106068158905,137,1582663106067452907,,42.337497315,-71.0870831067,-13.661,328065.496516,4689358.80564,19,T,5
1582663106272998902,138,1582663106271709918,,42.3374970833,-71.087080185,-13.845,328065.736582,4689358.77401,19,T,5
1582663106475032281,139,1582663106473777055,,42.337493575,-71.0870813783,-13.356,328065.628709,4689358.38685,19,T,1
1582663106877546472,140,1582663106876157999,,42.3375008217,-71.0870645517,-15.831,328067.034703,4689359.15751,19,T,5
1582663107068462542,141,1582663107067569971,,42.33749945,-71.0870631633,-15.807,328067.145341,4689359.00239,19,T,5
1582663107273646619,142,1582663107272361040,,42.3374958617,-71.087065145,-15.07,328066.972304,4689358.60794,19,T,5
1582663107517352311,143,1582663107515995025,,42.33749128,-71.0870695967,-13.809,328066.593072,4689358.10818,19,T,5
1582663107668893208,144,1582663107667604923,,42.337487995,-71.087070815,-13.223,328066.483748,4689357.74587,19,T,5
1582663107872462407,145,1582663107871197938,,42.3374904533,-71.0870636767,-14.175,328067.078531,4689358.00442,19,T,5
1582663108124885524,146,1582663108123548030,,42.3374923683,-71.0870571667,-15.093,328067.620068,4689358.2039,19,T,5
1582663108316739947,147,1582663108315262079,,42.337491295,-71.0870550383,-15.165,328067.792483,4689358.08041,19,T,5
1582663108944627817,148,1582663108943272113,,42.337489775,-71.0870482417,-15.365,328068.348275,4689357.89788,19,T,5
1582663109074646870,149,1582663109073786973,,42.337491315,-71.087043415,-15.772,328068.750111,4689358.05913,19,T,1
1582663109268565121,150,1582663109267260074,,42.337490715,-71.0870412067,-15.847,328068.930407,4689357.98804,19,T,1
1582663110278536575,151,1582663110277012109,,42.3374858817,-71.0870266483,-16.332,328070.116604,4689357.4219,19,T,1
1582663110672835950,152,1582663110671519994,,42.33748509,-71.0870253633,-16.654,328070.22031,4689357.33139,19,T,1
1582663110876157210,153,1582663110874799013,,42.3374850283,-71.087022195,-16.927,328070.481161,4689357.31814,19,T,1
1582663111071580063,154,1582663111070342063,,42.3374841117,-71.0870197517,-17.06,328070.679953,4689357.21141,19,T,1
1582663111476145834,155,1582663111474653959,,42.337483385,-71.087014225,-17.44,328071.13328,4689357.11954,19,T,1
1582663111669323623,156,1582663111668003082,,42.3374827583,-71.0870114133,-17.647,328071.363208,4689357.04427,19,T,1
1582663111871040618,157,1582663111870179891,,42.3374817267,-71.08701017,-17.715,328071.462827,4689356.9272,19,T,1
1582663112284712216,158,1582663112283296108,,42.33788068,-71.0863659133,-134.217,328125.626052,4689399.92546,19,T,1
1582663112481501761,159,1582663112480053901,,42.337903105,-71.086357425,-140.056,328126.386445,4689402.39843,19,T,1
1582663112678774904,160,1582663112677119970,,42.3379027533,-71.086359955,-139.917,328126.177058,4689402.36449,19,T,1
1582663112871131477,161,1582663112869869947,,42.3379025633,-71.0863560033,-140.227,328126.502091,4689402.33541,19,T,1
1582663113077090208,162,1582663113075726985,,42.33789251,-71.0863673517,-137.448,328125.539789,4689401.242,19,T,1
1582663113281980072,163,1582663113280675888,,42.3378848167,-71.0863753883,-135.46,328124.856742,4689400.40396,19,T,1
1582663113477459423,164,1582663113476100921,,42.3378761117,-71.0863845467,-133.318,328124.078532,4689399.45585,19,T,1
1582663113672091361,165,1582663113670816898,,42.3378619917,-71.0864027367,-129.234,328122.54151,4689397.9247,19,T,1
1582663114276827875,166,1582663114275326967,,42.337838345,-71.0864303033,-122.851,328120.206051,4689395.35464,19,T,1
1582663114675673885,167,1582663114674247026,,42.3377690333,-71.0865326033,-102.353,328111.589386,4689387.8649,19,T,5
1582663114881301992,168,1582663114880444049,,42.3377492467,-71.0865597283,-96.657,328109.300824,4689385.72258,19,T,1
1582663115078925161,169,1582663115077336072,,42.3377232367,-71.086597055,-88.938,328106.154854,4689382.90982,19,T,1
1582663115273951279,170,1582663115272844076,,42.3376744317,-71.0866701917,-74.397,328099.996616,4689377.63825,19,T,5
1582663115481543673,171,1582663115480308055,,42.3375306967,-71.0868805333,-37.37,328082.276233,4689362.10283,19,T,5
1582663115679515811,172,1582663115678251981,,42.3374540467,-71.0869896583,-14.693,328073.077219,4689353.81207,19,T,5
1582663115871614540,173,1582663115870187044,,42.3375033333,-71.0869066667,-30.387,328080.048702,4689359.11718,19,T,5
1582663116077706877,174,1582663116076745986,,42.3375101533,-71.0869027117,-31.793,328080.393115,4689359.86649,19,T,5
1582663116270409866,175,1582663116268995046,,42.3375901783,-71.08678067,-56.134,328090.665431,4689368.50591,19,T,5
1582663116473862210,176,1582663116472448110,,42.3373957983,-71.0870651733,1.003,328066.697257,4689347.49673,19,T,5
1582663116677167250,177,1582663116675873041,,42.3374061583,-71.0870473467,-2.532,328068.194122,4689348.61108,19,T,5
1582663116873811616,178,1582663116872417926,,42.3374188133,-71.0870246367,-6.955,328070.099548,4689349.9704,19,T,5
1582663117081907852,179,1582663117080359935,,42.3374221483,-71.08701586,-8.722,328070.831693,4689350.32298,19,T,5
1582663117277840207,180,1582663117275554895,,42.3374285967,-71.0870034317,-11.029,328071.87316,4689351.01389,19,T,5
1582663117482486471,181,1582663117481570959,,42.3374288583,-71.0869998633,-11.242,328072.167846,4689351.03573,19,T,5
1582663117677372742,182,1582663117676888942,,42.3374309233,-71.0869948417,-11.861,328072.587178,4689351.25488,19,T,5
1582663117889567440,183,1582663117888087034,,42.3374241783,-71.0870043183,-11.089,328071.788072,4689350.52506,19,T,5
1582663118074661336,184,1582663118073828935,,42.337421085,-71.087004935,-11.019,328071.728838,4689350.18282,19,T,5
1582663118280461284,185,1582663118279555082,,42.337416095,-71.0870082483,-9.431,328071.442273,4689349.63542,19,T,5
1582663118475953020,186,1582663118474833011,,42.3374109983,-71.08701402,-8.231,328070.952891,4689349.08114,19,T,5
1582663118673519483,187,1582663118672652959,,42.337411605,-71.08701016,-9.264,328071.272546,4689349.1407,19,T,5
1582663118873158341,188,1582663118871794939,,42.3374086517,-71.08701391,-9.395,328070.955558,4689348.82034,19,T,5
1582663119080795252,189,1582663119079476118,,42.3374055533,-71.0870174467,-8.916,328070.65575,4689348.48344,19,T,5
1582663119275437843,190,1582663119274018049,,42.337400875,-71.0870261467,-8.701,328069.92626,4689347.98154,19,T,5
1582663119480965148,191,1582663119480089902,,42.3373964433,-71.0870307217,-7.01,328069.537276,4689347.49869,19,T,5
1582663119679085562,192,1582663119677758932,,42.3373916083,-71.0870359983,-5.835,328069.089387,4689346.97247,19,T,5
1582663119874794753,193,1582663119873492956,,42.3373932467,-71.0870297733,-5.253,328069.606692,4689347.14181,19,T,5
1582663120080962014,194,1582663120079706907,,42.3373952533,-71.0870264383,-5.864,328069.886911,4689347.35789,19,T,5
1582663120275370122,195,1582663120274840116,,42.33739997,-71.0870192217,-6.743,328070.494302,4689347.86705,19,T,5
1582663120482796898,196,1582663120480920076,,42.3374028933,-71.08701364,-7.273,328070.962108,4689348.18037,19,T,5
1582663120674803116,197,1582663120673561096,,42.337407705,-71.087006485,-7.73,328071.564678,4689348.70021,19,T,1
1582663120879806627,198,1582663120878912925,,42.33737479,-71.087069595,-6.824,328066.275727,4689345.17285,19,T,5
1582663121079370997,199,1582663121078289031,,42.3373734567,-71.08707161,-6.007,328066.10609,4689345.02887,19,T,5
1582663121283463670,200,1582663121282224893,,42.3373655233,-71.08708164,-4.042,328065.258158,4689344.16822,19,T,5
1582663121480331061,201,1582663121479038000,,42.3373601467,-71.0870904017,-3.617,328064.521684,4689343.58889,19,T,5
1582663121678795072,202,1582663121677452087,,42.3373567033,-71.08709422,-3.147,328064.19773,4689343.21426,19,T,5
1582663121875992705,203,1582663121874582052,,42.33735442,-71.0870964767,-2.567,328064.005594,4689342.96528,19,T,5
1582663122085656048,204,1582663122084326982,,42.3373506383,-71.0871015583,-1.739,328063.576639,4689342.55563,19,T,5
1582663122279421226,205,1582663122277872085,,42.337347955,-71.087104515,-1.243,328063.325744,4689342.26364,19,T,5
1582663122487653267,206,1582663122486468076,,42.3373463383,-71.0871073267,-1.401,328063.089702,4689342.08981,19,T,5
1582663122684320850,207,1582663122683002948,,42.3373452483,-71.0871092383,-1.57,328062.929241,4689341.97264,19,T,5
1582663122880935986,208,1582663122879307985,,42.337344625,-71.0871088433,-1.443,328062.960084,4689341.90262,19,T,5
1582663123077895104,209,1582663123076365947,,42.337343995,-71.0871098033,-1.468,328062.879278,4689341.83461,19,T,5
1582663123279902455,210,1582663123278670072,,42.3373438433,-71.0871102833,-1.498,328062.83932,4689341.81874,19,T,5
1582663123483044616,211,1582663123482136964,,42.3373429133,-71.0871116033,-1.528,328062.728039,4689341.71814,19,T,5
1582663123678414473,212,1582663123677511930,,42.3373419267,-71.0871130483,-1.671,328062.606305,4689341.6115,19,T,5
1582663123889948534,213,1582663123888794898,,42.3373411767,-71.0871129417,-1.196,328062.613048,4689341.528,19,T,5
1582663124088401842,214,1582663124087032079,,42.3373407283,-71.0871108333,-0.268,328062.785519,4689341.47395,19,T,5
1582663124283150624,215,1582663124281744956,,42.3373393383,-71.0871097333,0.955,328062.872353,4689341.31738,19,T,5
1582663124478668256,216,1582663124477410078,,42.3373390417,-71.0871110567,0.812,328062.762523,4689341.28711,19,T,5
1582663124682320850,217,1582663124681052923,,42.337337885,-71.0871131117,0.793,328062.590072,4689341.16283,19,T,5
1582663124886708465,218,1582663124885425090,,42.3373368967,-71.0871166867,0.065,328062.292856,4689341.06031,19,T,5
1582663125085873023,219,1582663125084517955,,42.3373369667,-71.0871175733,-0.422,328062.219999,4689341.06987,19,T,5
1582663125283594130,220,1582663125282140016,,42.33733782,-71.087116325,-0.161,328062.325168,4689341.16211,19,T,5
1582663125479363000,221,1582663125477921962,,42.3373380333,-71.0871179617,-0.531,328062.190914,4689341.18911,19,T,5
1582663125896739778,222,1582663125894996881,,42.337340625,-71.0871189467,-1.172,328062.116829,4689341.47888,19,T,1
1582663126089900693,223,1582663126088614940,,42.3373370367,-71.0871241033,0.526,328061.682223,4689341.09085,19,T,5
1582663126284374045,224,1582663126283189058,,42.3373379183,-71.0871225767,1.184,328061.810399,4689341.18567,19,T,5
1582663126483837462,225,1582663126482625007,,42.33733854,-71.0871232133,1.473,328061.759642,4689341.25599,19,T,5
1582663126680808648,226,1582663126679953098,,42.3373398967,-71.0871235217,1.798,328061.737938,4689341.40726,19,T,5
1582663126879453394,227,1582663126878026962,,42.337340835,-71.0871232017,2.235,328061.766858,4689341.5108,19,T,5
1582663127081155310,228,1582663127079653978,,42.3373415367,-71.087124355,2.178,328061.673754,4689341.59105,19,T,5
1582663127278137958,229,1582663127276776075,,42.337343035,-71.0871234067,2.413,328061.755965,4689341.75551,19,T,5
1582663127481942217,230,1582663127480621099,,42.3373438383,-71.08712256,2.911,328061.827907,4689341.843,19,T,5
1582663127677399131,231,1582663127676095962,,42.3373442933,-71.08712334,3.21,328061.764887,4689341.89511,19,T,5
1582663127875821163,232,1582663127874494075,,42.33734541,-71.087124505,3.382,328061.671953,4689342.02146,19,T,5
1582663128078680963,233,1582663128077404975,,42.337345855,-71.08712616,3.656,328061.536821,4689342.07422,19,T,5
1582663128431378306,234,1582663128430481910,,42.337346725,-71.0871281183,3.618,328061.377857,4689342.17479,19,T,5
1582663128479116604,235,1582663128478020906,,42.3373470733,-71.087130325,4.141,328061.197012,4689342.21793,19,T,5
1582663128672530576,236,1582663128671343088,,42.3373478083,-71.0871332633,4.504,328060.956944,4689342.30549,19,T,5
1582663128878567873,237,1582663128877073049,,42.3373488517,-71.0871344917,4.67,328060.858593,4689342.42382,19,T,5
1582663129085253598,238,1582663129084126949,,42.3373503517,-71.0871350617,4.593,328060.815722,4689342.59154,19,T,5
1582663129280106434,239,1582663129278831958,,42.3373521583,-71.087135185,4.35,328060.810486,4689342.79241,19,T,5
1582663129472982165,240,1582663129472543001,,42.33735232,-71.08713869,4.67,328060.522171,4689342.81744,19,T,5
1582663129681207170,241,1582663129679949045,,42.3373521267,-71.0871409767,5.175,328060.333259,4689342.8006,19,T,5
1582663129875994765,242,1582663129874484062,,42.3373534483,-71.0871422267,5.169,328060.233881,4689342.94989,19,T,5
1582663130082934534,243,1582663130081538915,,42.3373556533,-71.0871416517,4.917,328060.287262,4689343.19357,19,T,5
1582663130278314973,244,1582663130276904106,,42.3373571583,-71.087140835,4.754,328060.358644,4689343.35904,19,T,5
1582663130475150851,245,1582663130473905086,,42.3373575917,-71.087144475,5.047,328060.059948,4689343.41452,19,T,5
1582663130681592638,246,1582663130680210113,,42.33735894,-71.0871449717,5.038,328060.022705,4689343.56525,19,T,5
1582663130879820492,247,1582663130878545999,,42.3373598533,-71.08714557,5.206,328059.975901,4689343.66788,19,T,5
1582663131077129470,248,1582663131075773954,,42.3373621767,-71.0871443417,5.032,328060.083428,4689343.92338,19,T,5
1582663131283287244,249,1582663131281934022,,42.3373654783,-71.08714273,4.592,328060.225203,4689344.28675,19,T,5
1582663131478796126,250,1582663131477355957,,42.3373663333,-71.0871443567,4.685,328060.093522,4689344.38498,19,T,5
1582663131683946050,251,1582663131682590961,,42.3373664717,-71.0871473033,5.028,328059.851141,4689344.4063,19,T,5
1582663131879298122,252,1582663131878046989,,42.3373669833,-71.08714942,5.084,328059.678156,4689344.46739,19,T,5
1582663132084357526,253,1582663132083055019,,42.3373664667,-71.0871529917,5.409,328059.3825,4689344.41724,19,T,5
1582663132281393649,254,1582663132280127048,,42.3373662867,-71.087157195,5.847,328059.035723,4689344.40576,19,T,1
1582663132479750692,255,1582663132478482961,,42.3373648383,-71.08716202,6.566,328058.634273,4689344.25469,19,T,5
1582663132680656874,256,1582663132678881883,,42.3373631233,-71.0871672717,7.412,328058.196946,4689344.07487,19,T,1
1582663132879667844,257,1582663132878314971,,42.337360015,-71.087174595,8.58,328057.585149,4689343.74452,19,T,5
1582663133074924902,258,1582663133073546886,,42.3373593817,-71.087182475,9.372,328056.934238,4689343.69013,19,T,5
1582663133283498579,259,1582663133282185077,,42.3373704317,-71.0871637417,6.019,328058.50768,4689344.87926,19,T,1
1582663133478877313,260,1582663133477443933,,42.3373960283,-71.0871269467,-1.528,328061.608758,4689347.64718,19,T,5
1582663133675707432,261,1582663133673798084,,42.33740429,-71.087117395,-3.651,328062.418178,4689348.54526,19,T,5
1582663133877610793,262,1582663133875669956,,42.3374093833,-71.0871123017,-4.628,328062.851669,4689349.10053,19,T,5
1582663134085149335,263,1582663134083949089,,42.337405465,-71.08712075,-3.017,328062.144983,4689348.68252,19,T,5
1582663134274141309,264,1582663134272862911,,42.3374078217,-71.08712009,-3.235,328062.205779,4689348.94287,19,T,5
1582663134482792761,265,1582663134481149911,,42.33740821,-71.0871222067,-2.855,328062.032459,4689348.99027,19,T,5
1582663134681531646,266,1582663134679440021,,42.337408415,-71.0871229983,-2.49,328061.967797,4689349.01464,19,T,5
1582663134877011962,267,1582663134875756978,,42.3374095283,-71.0871227233,-2.586,328061.993487,4689349.13771,19,T,5
1582663135086499895,268,1582663135085269927,,42.3374099417,-71.0871208317,-2.661,328062.150456,4689349.17978,19,T,5
